D2017-H103-BLK-0,16735
D2017-H103-ORG-0,16736
D2016-J208-BLU-6,16696
D2016-J208-BLU-5,16695
D2017-H103-AQU-0,16836
D2016-J208-BLU-7,16697
Q0617-T111-BLK-2,16556
D2016-J208-BLU-2,16692
Q0617-T111-BLK-3,16557
D2016-J208-BLU-1,16691
D2016-J208-BLU-4,16694
D2017-T110-GRY-2,16743
Q0617-T111-BLK-1,16555
D2016-J208-BLU-3,16693
D2017-T110-GRY-1,16742
Q0617-T111-BLK-6,16560
D2017-T110-GRY-4,16745
Q0617-T111-BLK-7,16561
D2017-T110-GRY-3,16744
Q0617-T111-BLK-4,16558
D2017-T110-GRY-6,16747
Q0617-T111-BLK-5,16559
D2017-T110-GRY-5,16746
D2017-T110-GRY-7,16748
D2016-J200-LVR-1,16860
D2016-J200-LVR-3,16862
D2016-J200-LVR-2,16861
Q0817-X589-WHT-12,16832
Q0817-X589-WHT-13,16833
D2016-J200-MNT-7,16873
D2016-J200-MNT-6,16872
D2016-J200-MNT-5,16871
D2016-J200-MNT-4,16870
D2016-J200-MNT-3,16869
Q0817-X589-WHT-10,16830
D2016-J200-MNT-2,16868
Q0817-X589-WHT-11,16831
D2016-J200-MNT-1,16867
D2016-J200-LVR-5,16864
D2016-J200-LVR-4,16863
D2016-J200-LVR-7,16866
D2016-J200-LVR-6,16865
D1117-T120-BLK-7,16500
Q0817-X589-WHT-09,16829
D2016-J200-YEL-4,16572
D1017-T126-BLU-1,16938
D2016-J200-YEL-5,16573
Q0817-X589-WHT-06,16826
D2016-J200-YEL-6,16574
Q0817-X589-WHT-07,16827
D2016-J200-YEL-7,16575
Q0817-X589-WHT-08,16828
D1017-T126-BLU-5,16942
D2016-J200-YEL-1,16569
D1017-T126-BLU-4,16941
D2016-J200-YEL-2,16570
D1017-T126-BLU-3,16940
D2016-J200-YEL-3,16571
D1017-T126-BLU-2,16939
D1017-T126-BLU-7,16944
D1017-T126-BLU-6,16943
D2017-T101-RED-1,16657
D1117-H121-BLK-0,16548
D2017-T101-RED-5,16661
D2017-T101-RED-4,16660
D2017-T101-RED-3,16659
D2017-T101-RED-2,16658
D0817-H121-CGY-0,16881
D1017-H101-BLU-0,16740
D2017-T101-RED-7,16663
D2017-T101-RED-6,16662
D2017-H105-GRY-0,16683
D1117-X514-RED-100,16541
D1117-X514-RED-105,16542
D2017-H100-RYL-0,16590
D2017-H260-LBL-0,16852
D0917-T141-WHT-2,16883
D0917-T141-WHT-1,16882
Q0817-X589-BLK-06,16818
D1017-H101-ORG-0,16739
Q0817-X589-BLK-09,16821
Q0817-X589-BLK-08,16820
Q0817-X589-BLK-07,16819
D0917-T141-WHT-7,16888
D0917-T141-WHT-4,16885
D0917-T141-WHT-3,16884
D0917-T141-WHT-6,16887
D0917-T141-WHT-5,16886
Q0817-X589-BLK-13,16825
Q0817-X589-BLK-12,16824
Q0817-X589-BLK-11,16823
Q0817-X589-BLK-10,16822
D2017-T388-BLK-4,16814
D2017-T388-BLK-3,16813
D2017-T388-BLK-2,16812
D2017-T388-BLK-1,16811
D2017-T388-BLK-7,16817
D2017-T388-BLK-6,16816
D2017-T388-BLK-5,16815
D1017-T126-OLV-7,16937
D1017-T126-OLV-6,16936
D1017-T126-OLV-5,16935
D1017-T126-OLV-4,16934
D1017-T126-OLV-3,16933
D1017-T126-OLV-2,16932
D1017-T126-OLV-1,16931
D2017-H102-RYL-0,16731
D2017-H259-BLU-0,16775
Q1116-H252-OLV-0,16554
D1117-X514-NVY-070,16522
D1117-X514-NVY-075,16523
D2017-H103-BLU-0,16835
D2017-H500-RYL-0,16729
D2017-T101-ORG-7,16635
D2017-T101-ORG-6,16634
D2017-T101-ORG-5,16633
D2017-T101-ORG-4,16632
D2017-H105-BKR-0,16682
D1017-H103-MUL-0,16738
D2017-T101-ORG-3,16631
D2016-T105-BLU-1,16719
D2017-T388-LBL-3,16843
D1017-T123-OLV-7,16895
D2017-T388-LBL-2,16842
D2017-T388-LBL-1,16841
D2017-T388-LBL-7,16847
D2017-T388-LBL-6,16846
D2017-T388-LBL-5,16845
D2017-T388-LBL-4,16844
D1017-T123-OLV-1,16889
D1017-T123-OLV-2,16890
D1017-T123-OLV-3,16891
D1017-T123-OLV-4,16892
D1017-T123-OLV-5,16893
D1017-T123-OLV-6,16894
D1117-X514-NVY-090,16526
D1117-X514-NVY-095,16527
D2017-T101-ORG-2,16630
D2016-J200-ORG-5,16857
D2017-T101-ORG-1,16629
D2016-J200-ORG-4,16856
D2016-J200-ORG-7,16859
D2016-J200-ORG-6,16858
D2016-J200-ORG-1,16853
D2017-H200-YEL-0,16678
D2016-J200-ORG-3,16855
D2016-J200-ORG-2,16854
D0717-T114-BLK-7,16930
D0717-T114-BLK-6,16929
D0717-T114-BLK-5,16928
D0717-T114-BLK-4,16927
D0717-T114-BLK-3,16926
D0717-T114-BLK-2,16925
D0717-T114-BLK-1,16924
D1117-X514-NVY-080,16524
D2016-J208-ROS-1,16705
D2016-J208-ROS-2,16706
D1117-X514-NVY-085,16525
D2016-J208-ROS-3,16707
D2016-J208-ROS-4,16708
D2016-J208-ROS-5,16709
D2016-J208-ROS-6,16710
D2016-J208-ROS-7,16711
D1117-T319-BLK-7,16514
D1117-X514-RED-080,16537
D1117-X514-RED-085,16538
D2017-H200-ROS-0,16679
D1117-T319-BLK-2,16509
D0917-T132-RED-5,16921
D1117-T319-BLK-1,16508
D0917-T132-RED-6,16922
D2016-H204-LBL-0,16851
D0917-T132-RED-3,16919
D0917-T132-RED-4,16920
D1117-T319-BLK-6,16513
D2017-T101-WHT-3,16624
D1117-T319-BLK-5,16512
D2017-T101-WHT-2,16623
D2017-H101-GRN-0,16837
D1117-T319-BLK-4,16511
D2017-T101-WHT-1,16622
D0917-T132-RED-7,16923
D1117-T319-BLK-3,16510
D1117-X514-RED-070,16535
D1117-X514-RED-075,16536
D2017-T101-YEL-7,16614
D2017-T101-WHT-7,16628
D2017-T101-WHT-6,16627
D2017-T101-WHT-5,16626
D2017-T101-WHT-4,16625
D0917-T132-RED-1,16917
D1117-X514-NVY-140,16534
D0917-T132-RED-2,16918
D2016-J200-LBL-2,16875
D2016-J200-LBL-3,16876
D2016-J200-LBL-4,16877
D2016-J200-LBL-5,16878
D2017-H500-RED-0,16730
D2016-J200-LBL-1,16874
D2016-J200-LBL-6,16879
D2016-J200-LBL-7,16880
D2017-T110-RED-6,16754
D2017-H259-MNT-0,16774
D2017-T110-RED-7,16755
D2017-T110-RED-4,16752
D2017-T110-RED-5,16753
D2017-T110-RED-2,16750
D2017-T110-RED-3,16751
D2017-T110-RED-1,16749
D2017-T101-YEL-5,16612
D2017-T101-YEL-6,16613
D2017-T101-YEL-3,16610
D2017-T101-YEL-4,16611
D2017-T101-YEL-1,16608
D2017-T101-YEL-2,16609
D2017-H259-LVR-0,16773
D1117-X514-RED-090,16539
D2017-H260-BLK-0,16777
D2016-J208-BGE-3,16700
D2016-J208-BGE-2,16699
D2017-H260-WHT-0,16778
D2016-J208-BGE-1,16698
D1117-X514-RED-095,16540
D2016-J208-BGE-7,16704
D2016-J208-BGE-6,16703
D2016-J208-BGE-5,16702
D2016-J208-BGE-4,16701
D2017-H102-GRY-0,16734
D2017-H259-ORG-0,16776
D2016-J208-ORG-7,16690
D2016-J208-ORG-6,16689
D2016-J208-ORG-5,16688
D2016-J208-ORG-4,16687
D2016-J208-ORG-3,16686
D2016-J208-ORG-2,16685
D2016-J208-ORG-1,16684
D1117-X514-NVY-110,16530
D1117-X514-NVY-115,16531
D1117-X514-NVY-105,16529
D2017-T101-BLK-7,16621
D2017-T101-BLK-6,16620
D2017-T101-PNK-1,16903
D2017-T101-PNK-5,16907
D1117-X514-NVY-100,16528
D2017-T101-GRY-7,16770
D2017-T101-PNK-4,16906
D2017-T101-GRY-6,16769
D2017-T101-PNK-3,16905
D2017-T101-GRY-5,16768
D2017-T101-PNK-2,16904
D2017-T101-GRY-4,16767
D2017-T101-GRY-3,16766
D2017-T101-GRY-2,16765
D2017-T101-PNK-7,16909
D2017-T101-GRY-1,16764
D2017-T101-PNK-6,16908
D2016-T110-GRY-1,16583
D2016-T110-GRY-2,16584
D2016-T110-GRY-3,16585
D1117-H223-NVY-0,16551
D2016-T110-GRY-4,16586
D2016-T110-GRY-5,16587
D2016-T110-GRY-6,16588
D2016-T110-GRY-7,16589
D2016-T100-BGN-1,16671
D2016-T100-BGN-5,16675
D2016-T100-BGN-4,16674
D1117-H122-RED-0,16550
D2016-T100-BGN-3,16673
D2016-T100-BGN-2,16672
D2017-H260-ORG-0,16782
D1117-X514-NVY-130,16533
D2016-T100-BGN-7,16677
D2016-T100-BGN-6,16676
D2017-H260-MNT-0,16780
D2017-H260-LVR-0,16779
D1117-X514-NVY-120,16532
D1117-H122-BLK-0,16549
D1117-T120-WHT-3,16503
D1117-X514-RED-120,16545
D1117-T120-WHT-4,16504
D1117-T120-WHT-1,16501
D1117-T120-WHT-2,16502
D1117-T120-WHT-7,16507
D1117-T120-WHT-5,16505
D1117-T120-WHT-6,16506
D2017-H101-BGE-0,16728
D0817-H197-BLU-0,16834
D1017-H101-BLK-0,16741
D1117-X514-RED-110,16543
D1117-X514-RED-115,16544
D2017-T388-ORG-1,16804
D2017-T101-AQU-3,16912
D2017-T101-AQU-2,16911
D2017-T101-AQU-5,16914
D2017-T101-AQU-4,16913
D2017-T101-AQU-7,16916
D2017-T101-AQU-6,16915
D1117-X514-RED-140,16547
D2017-T101-BLK-3,16617
D2017-T101-BLK-2,16616
D2017-T101-BLK-5,16619
D2017-T101-BLK-4,16618
D1117-T319-WHT-3,16517
D1117-T319-WHT-4,16518
D1117-T319-WHT-1,16515
D2017-T101-BLK-1,16615
D1117-T319-WHT-2,16516
D1117-T319-WHT-7,16521
D1117-T319-WHT-5,16519
D1117-T319-WHT-6,16520
D2017-H105-BLK-0,16681
D1117-X514-RED-130,16546
D2017-H204-RED-0,16756
D2017-T101-AQU-1,16910
D2017-T101-WPN-7,16763
D2017-T101-WPN-6,16762
D2017-T101-WPN-5,16761
D2016-T100-BKY-7,16670
D2017-T101-WPN-4,16760
D2017-T101-WPN-3,16759
D2017-T101-WPN-2,16758
D2016-H204-ORG-0,16849
D2016-T100-BKY-4,16667
D2017-T101-WPN-1,16757
D2017-T101-TAN-4,16899
D2016-T100-BKY-3,16666
D2017-T101-TAN-5,16900
D2016-T100-BKY-6,16669
D2017-T101-TAN-2,16897
D2016-T100-BKY-5,16668
D2017-T101-TAN-3,16898
D2017-T101-TAN-1,16896
D2016-T100-BKY-2,16665
D2016-T100-BKY-1,16664
D2016-T105-RED-4,16723
D2017-H500-YEL-0,16838
D2016-T105-RED-3,16722
D2016-T105-RED-2,16721
D2016-T105-RED-1,16720
D1117-H223-RED-0,16552
D2016-T110-RED-7,16600
D2016-T105-RED-7,16726
D2016-T105-RED-6,16725
D2016-T105-RED-5,16724
D2016-J208-AQM-2,16713
D2016-J208-AQM-1,16712
D2016-J208-AQM-4,16715
D2017-H101-RED-0,16727
D2016-J208-AQM-3,16714
D2016-J208-AQM-6,16717
D2016-J208-AQM-5,16716
D2016-J208-AQM-7,16718
D2016-J204-YEL-5,16566
D2016-T110-RED-4,16597
D2016-J204-YEL-4,16565
D2016-T110-RED-3,16596
D2016-J204-YEL-7,16568
D2016-T110-RED-6,16599
D2016-J204-YEL-6,16567
D2016-T110-RED-5,16598
D2017-H205-GRY-0,16680
D2016-J204-YEL-1,16562
D2016-J204-YEL-3,16564
D2016-T110-RED-2,16595
D2016-J204-YEL-2,16563
D2016-T110-RED-1,16594
D2017-T388-ORG-7,16810
D2017-T388-ORG-6,16809
D2017-T388-ORG-3,16806
D2017-T388-ORG-2,16805
D2017-T388-ORG-5,16808
D2017-T388-ORG-4,16807
D2017-T388-LVR-7,16789
D2017-T388-LVR-6,16788
D2017-T388-LVR-3,16785
D2017-T388-LVR-2,16784
D2017-T388-LVR-5,16787
D2017-T388-LVR-4,16786
D2017-H103-RED-0,16737
D2017-T388-LVR-1,16783
D2016-H204-MNT-0,16850
D2016-H204-LVR-0,16848
D2017-H102-BLK-0,16733
D2017-T101-TAN-6,16901
D2017-T101-TAN-7,16902
D2017-T388-MNT-2,16791
D2017-T388-MNT-1,16790
D2017-T388-MNT-7,16796
D2017-T388-MNT-6,16795
D2017-T388-MNT-5,16794
D2017-T388-MNT-4,16793
D2017-H102-RED-0,16732
D2017-T388-MNT-3,16792
